Workbook

Sheet Sheet1
A1: 版本号：230312 | C1: 运单基本信息 | H1: 发件人信息 | K1: 收件人信息 | R1: 重量和尺寸 | V1: 内件物品 | Y1: 其它关联单号
A2: 单序 | B2: 运单号 | C2: 缴税方式 | D2: 代收款 | E2: 自提方 | F2: 备注 | G2: 客戶 | H2: 发件人 | I2: 发件电话 | J2: 发件人地址 | K2: 收件人 | L2: 收件人电话 | M2: 收件人地址 | N2: 收件人证件 | O2: 收件人(申报) | P2: 收件电话(申报) | Q2: 收件证件(申报) | R2: 重量 | S2: 长 | T2: 宽 | U2: 高 | V2: 物品名称 | W2: 单价 | X2: 数量 | Y2: 清关单号 | Z2: 订单号 | AA2: 参考单号
A3: =IF(ROW()=3,1,IF(ISBLANK(Sheet1!$B3),"",MAX($A$2:A2)+1)) -> 1
A4: =IF(ROW()=3,1,IF(ISBLANK(Sheet1!$B4),"",MAX($A$2:A3)+1))
A5: =IF(ROW()=3,1,IF(ISBLANK(Sheet1!$B5),"",MAX($A$2:A4)+1))
A6: =IF(ROW()=3,1,IF(ISBLANK(Sheet1!$B6),"",MAX($A$2:A5)+1))
A7: =IF(ROW()=3,1,IF(ISBLANK(Sheet1!$B7),"",MAX($A$2:A6)+1))
A8: =IF(ROW()=3,1,IF(ISBLANK(Sheet1!$B8),"",MAX($A$2:A7)+1))
A9: =IF(ROW()=3,1,IF(ISBLANK(Sheet1!$B9),"",MAX($A$2:A8)+1))
A10: =IF(ROW()=3,1,IF(ISBLANK(Sheet1!$B10),"",MAX($A$2:A9)+1))
A11: =IF(ROW()=3,1,IF(ISBLANK(Sheet1!$B11),"",MAX($A$2:A10)+1))
A12: =IF(ROW()=3,1,IF(ISBLANK(Sheet1!$B12),"",MAX($A$2:A11)+1))
A13: =IF(ROW()=3,1,IF(ISBLANK(Sheet1!$B13),"",MAX($A$2:A12)+1))
A14: =IF(ROW()=3,1,IF(ISBLANK(Sheet1!$B14),"",MAX($A$2:A13)+1))
... A3433: =IF(ROW()=3,1,IF(ISBLANK(Sheet1!$B3433),"",MAX($A$2:A3432)+1))

Sheet Sheet2
A1: 北門自提
A2: 兆聯自提
